timestamp,url,title,domain,browser
2026-03-21 12:01:19.951210,https://news18.com/page69,news18.com,news18.com,chrome
2026-03-21 12:04:19.951210,https://stackoverflow.com/page37,stackoverflow.com,stackoverflow.com,chrome
2026-03-21 12:11:19.951210,https://coursera.org/page41,coursera.org,coursera.org,chrome
2026-03-21 12:16:19.951210,https://flipkart.com/page29,flipkart.com,flipkart.com,chrome
2026-03-21 12:21:19.951210,https://youtube.com/page39,youtube.com,youtube.com,chrome
2026-03-21 12:11:19.951210,https://coursera.org/page36,coursera.org,coursera.org,chrome
2026-03-21 12:07:19.951210,https://instagram.com/page10,instagram.com,instagram.com,chrome
2026-03-21 12:29:19.951210,https://facebook.com/page38,facebook.com,facebook.com,chrome
2026-03-21 12:41:19.951210,https://netflix.com/page32,netflix.com,netflix.com,chrome
2026-03-21 12:28:19.951210,https://instagram.com/page90,instagram.com,instagram.com,chrome
2026-03-21 12:51:19.951210,https://news18.com/page44,news18.com,news18.com,chrome
2026-03-21 12:23:19.951210,https://stackoverflow.com/page88,stackoverflow.com,stackoverflow.com,chrome
2026-03-21 13:01:19.951210,https://news18.com/page29,news18.com,news18.com,chrome
2026-03-21 12:14:19.951210,https://facebook.com/page25,facebook.com,facebook.com,chrome
2026-03-21 13:11:19.951210,https://stackoverflow.com/page50,stackoverflow.com,stackoverflow.com,chrome
2026-03-21 12:16:19.951210,https://github.com/page1,github.com,github.com,chrome
2026-03-21 12:33:19.951210,https://facebook.com/page58,facebook.com,facebook.com,chrome
2026-03-21 13:26:19.951210,https://facebook.com/page24,facebook.com,facebook.com,chrome
2026-03-21 12:55:19.951210,https://news18.com/page21,news18.com,news18.com,chrome
2026-03-21 12:39:19.951210,https://facebook.com/page14,facebook.com,facebook.com,chrome
2026-03-21 13:21:19.951210,https://github.com/page44,github.com,github.com,chrome
2026-03-21 13:25:19.951210,https://stackoverflow.com/page44,stackoverflow.com,stackoverflow.com,chrome
2026-03-21 13:51:19.951210,https://facebook.com/page43,facebook.com,facebook.com,chrome
2026-03-21 13:33:19.951210,https://youtube.com/page25,youtube.com,youtube.com,chrome
2026-03-21 13:13:19.951210,https://amazon.in/page74,amazon.in,amazon.in,chrome
2026-03-21 13:16:19.951210,https://instagram.com/page67,instagram.com,instagram.com,chrome
2026-03-21 14:11:19.951210,https://flipkart.com/page26,flipkart.com,flipkart.com,chrome
2026-03-21 12:28:19.951210,https://facebook.com/page70,facebook.com,facebook.com,chrome
2026-03-21 13:25:19.951210,https://stackoverflow.com/page52,stackoverflow.com,stackoverflow.com,chrome
2026-03-21 12:30:19.951210,https://stackoverflow.com/page38,stackoverflow.com,stackoverflow.com,chrome
2026-03-21 14:01:19.951210,https://netflix.com/page96,netflix.com,netflix.com,chrome
2026-03-21 13:34:19.951210,https://instagram.com/page24,instagram.com,instagram.com,chrome
2026-03-21 13:05:19.951210,https://coursera.org/page9,coursera.org,coursera.org,chrome
2026-03-21 13:07:19.951210,https://news18.com/page91,news18.com,news18.com,chrome
2026-03-21 13:09:19.951210,https://github.com/page14,github.com,github.com,chrome
2026-03-21 14:56:19.951210,https://netflix.com/page60,netflix.com,netflix.com,chrome
2026-03-21 14:25:19.951210,https://stackoverflow.com/page24,stackoverflow.com,stackoverflow.com,chrome
2026-03-21 12:38:19.951210,https://flipkart.com/page45,flipkart.com,flipkart.com,chrome
2026-03-21 14:33:19.951210,https://facebook.com/page17,facebook.com,facebook.com,chrome
2026-03-21 15:16:19.951210,https://instagram.com/page25,instagram.com,instagram.com,chrome
2026-03-21 14:01:19.951210,https://coursera.org/page2,coursera.org,coursera.org,chrome
2026-03-21 13:23:19.951210,https://instagram.com/page38,instagram.com,instagram.com,chrome
2026-03-21 13:25:19.951210,https://youtube.com/page28,youtube.com,youtube.com,chrome
2026-03-21 15:36:19.951210,https://flipkart.com/page45,flipkart.com,flipkart.com,chrome
2026-03-21 14:57:19.951210,https://github.com/page20,github.com,github.com,chrome
2026-03-21 15:46:19.951210,https://stackoverflow.com/page47,stackoverflow.com,stackoverflow.com,chrome
2026-03-21 13:33:19.951210,https://instagram.com/page88,instagram.com,instagram.com,chrome
2026-03-21 15:09:19.951210,https://facebook.com/page75,facebook.com,facebook.com,chrome
2026-03-21 13:37:19.951210,https://instagram.com/page86,instagram.com,instagram.com,chrome
2026-03-21 15:17:19.951210,https://github.com/page45,github.com,github.com,chrome
2026-03-21 12:51:19.951210,https://netflix.com/page11,netflix.com,netflix.com,chrome
2026-03-21 12:52:19.951210,https://news18.com/page58,news18.com,news18.com,chrome
2026-03-21 14:37:19.951210,https://coursera.org/page34,coursera.org,coursera.org,chrome
2026-03-21 15:33:19.951210,https://facebook.com/page99,facebook.com,facebook.com,chrome
2026-03-21 12:55:19.951210,https://instagram.com/page4,instagram.com,instagram.com,chrome
2026-03-21 12:56:19.951210,https://netflix.com/page63,netflix.com,netflix.com,chrome
2026-03-21 15:45:19.951210,https://stackoverflow.com/page82,stackoverflow.com,stackoverflow.com,chrome
2026-03-21 13:55:19.951210,https://facebook.com/page6,facebook.com,facebook.com,chrome
2026-03-21 13:57:19.951210,https://amazon.in/page47,amazon.in,amazon.in,chrome
2026-03-21 13:59:19.951210,https://flipkart.com/page74,flipkart.com,flipkart.com,chrome
2026-03-21 14:01:19.951210,https://flipkart.com/page48,flipkart.com,flipkart.com,chrome
2026-03-21 14:03:19.951210,https://stackoverflow.com/page3,stackoverflow.com,stackoverflow.com,chrome
2026-03-21 13:03:19.951210,https://news18.com/page17,news18.com,news18.com,chrome
2026-03-21 17:16:19.951210,https://flipkart.com/page31,flipkart.com,flipkart.com,chrome
2026-03-21 13:05:19.951210,https://coursera.org/page8,coursera.org,coursera.org,chrome
2026-03-21 13:06:19.951210,https://flipkart.com/page74,flipkart.com,flipkart.com,chrome
2026-03-21 14:13:19.951210,https://coursera.org/page73,coursera.org,coursera.org,chrome
2026-03-21 13:08:19.951210,https://youtube.com/page9,youtube.com,youtube.com,chrome
2026-03-21 13:09:19.951210,https://instagram.com/page91,instagram.com,instagram.com,chrome
2026-03-21 13:10:19.951210,https://stackoverflow.com/page57,stackoverflow.com,stackoverflow.com,chrome
2026-03-21 15:31:19.951210,https://facebook.com/page19,facebook.com,facebook.com,chrome
2026-03-21 16:45:19.951210,https://github.com/page67,github.com,github.com,chrome
2026-03-21 15:37:19.951210,https://coursera.org/page57,coursera.org,coursera.org,chrome
2026-03-21 15:40:19.951210,https://instagram.com/page52,instagram.com,instagram.com,chrome
2026-03-21 15:43:19.951210,https://github.com/page42,github.com,github.com,chrome
2026-03-21 18:16:19.951210,https://youtube.com/page38,youtube.com,youtube.com,chrome
2026-03-21 13:17:19.951210,https://instagram.com/page30,instagram.com,instagram.com,chrome
2026-03-21 15:52:19.951210,https://instagram.com/page96,instagram.com,instagram.com,chrome
2026-03-21 17:13:19.951210,https://coursera.org/page83,coursera.org,coursera.org,chrome
2026-03-21 15:58:19.951210,https://instagram.com/page48,instagram.com,instagram.com,chrome
2026-03-21 17:21:19.951210,https://github.com/page96,github.com,github.com,chrome
2026-03-21 16:04:19.951210,https://news18.com/page70,news18.com,news18.com,chrome
2026-03-21 16:07:19.951210,https://youtube.com/page93,youtube.com,youtube.com,chrome
2026-03-21 16:10:19.951210,https://coursera.org/page98,coursera.org,coursera.org,chrome
2026-03-21 17:37:19.951210,https://stackoverflow.com/page61,stackoverflow.com,stackoverflow.com,chrome
2026-03-21 16:16:19.951210,https://news18.com/page52,news18.com,news18.com,chrome
2026-03-21 13:27:19.951210,https://flipkart.com/page66,flipkart.com,flipkart.com,chrome
2026-03-21 14:55:19.951210,https://stackoverflow.com/page14,stackoverflow.com,stackoverflow.com,chrome
2026-03-21 17:53:19.951210,https://coursera.org/page64,coursera.org,coursera.org,chrome
2026-03-21 16:28:19.951210,https://stackoverflow.com/page38,stackoverflow.com,stackoverflow.com,chrome
2026-03-21 18:01:19.951210,https://instagram.com/page1,instagram.com,instagram.com,chrome
2026-03-21 13:32:19.951210,https://github.com/page38,github.com,github.com,chrome
2026-03-21 19:41:19.951210,https://news18.com/page50,news18.com,news18.com,chrome
2026-03-21 15:07:19.951210,https://youtube.com/page53,youtube.com,youtube.com,chrome
2026-03-21 19:51:19.951210,https://facebook.com/page39,facebook.com,facebook.com,chrome
2026-03-21 15:11:19.951210,https://facebook.com/page54,facebook.com,facebook.com,chrome
2026-03-21 20:01:19.951210,https://news18.com/page9,news18.com,news18.com,chrome
2026-03-21 13:38:19.951210,https://youtube.com/page46,youtube.com,youtube.com,chrome
2026-03-21 15:17:19.951210,https://facebook.com/page16,facebook.com,facebook.com,chrome
2026-03-21 13:40:19.951210,https://news18.com/page68,news18.com,news18.com,chrome
2026-03-21 13:41:19.951210,https://coursera.org/page52,coursera.org,coursera.org,chrome
2026-03-21 18:45:19.951210,https://news18.com/page93,news18.com,news18.com,chrome
2026-03-21 17:07:19.951210,https://instagram.com/page93,instagram.com,instagram.com,chrome
2026-03-21 15:27:19.951210,https://github.com/page30,github.com,github.com,chrome
2026-03-21 17:13:19.951210,https://coursera.org/page63,coursera.org,coursera.org,chrome
2026-03-21 15:31:19.951210,https://coursera.org/page25,coursera.org,coursera.org,chrome
2026-03-21 17:19:19.951210,https://flipkart.com/page37,flipkart.com,flipkart.com,chrome
2026-03-21 13:48:19.951210,https://news18.com/page100,news18.com,news18.com,chrome
2026-03-21 21:01:19.951210,https://amazon.in/page12,amazon.in,amazon.in,chrome
2026-03-21 13:50:19.951210,https://coursera.org/page62,coursera.org,coursera.org,chrome
2026-03-21 17:31:19.951210,https://news18.com/page14,news18.com,news18.com,chrome
2026-03-21 15:43:19.951210,https://stackoverflow.com/page34,stackoverflow.com,stackoverflow.com,chrome
2026-03-21 21:21:19.951210,https://stackoverflow.com/page23,stackoverflow.com,stackoverflow.com,chrome
2026-03-21 19:33:19.951210,https://github.com/page53,github.com,github.com,chrome
2026-03-21 13:55:19.951210,https://amazon.in/page99,amazon.in,amazon.in,chrome
2026-03-21 21:36:19.951210,https://coursera.org/page17,coursera.org,coursera.org,chrome
2026-03-21 13:57:19.951210,https://youtube.com/page96,youtube.com,youtube.com,chrome
2026-03-21 17:52:19.951210,https://youtube.com/page11,youtube.com,youtube.com,chrome
2026-03-21 21:51:19.951210,https://flipkart.com/page67,flipkart.com,flipkart.com,chrome
2026-03-21 19:57:19.951210,https://netflix.com/page44,netflix.com,netflix.com,chrome
2026-03-21 18:01:19.951210,https://amazon.in/page49,amazon.in,amazon.in,chrome
2026-03-21 18:04:19.951210,https://amazon.in/page51,amazon.in,amazon.in,chrome
2026-03-21 18:07:19.951210,https://netflix.com/page94,netflix.com,netflix.com,chrome
2026-03-21 22:16:19.951210,https://news18.com/page84,news18.com,news18.com,chrome
2026-03-21 20:17:19.951210,https://flipkart.com/page70,flipkart.com,flipkart.com,chrome
2026-03-21 20:21:19.951210,https://netflix.com/page77,netflix.com,netflix.com,chrome
2026-03-21 22:31:19.951210,https://coursera.org/page14,coursera.org,coursera.org,chrome
2026-03-21 16:15:19.951210,https://flipkart.com/page48,flipkart.com,flipkart.com,chrome
2026-03-21 22:41:19.951210,https://youtube.com/page90,youtube.com,youtube.com,chrome
2026-03-21 22:46:19.951210,https://news18.com/page62,news18.com,news18.com,chrome
2026-03-21 14:11:19.951210,https://netflix.com/page32,netflix.com,netflix.com,chrome
2026-03-21 22:56:19.951210,https://instagram.com/page85,instagram.com,instagram.com,chrome
2026-03-21 23:01:19.951210,https://news18.com/page39,news18.com,news18.com,chrome
2026-03-21 23:06:19.951210,https://github.com/page74,github.com,github.com,chrome
2026-03-21 16:29:19.951210,https://flipkart.com/page92,flipkart.com,flipkart.com,chrome
2026-03-21 18:46:19.951210,https://github.com/page62,github.com,github.com,chrome
2026-03-21 18:49:19.951210,https://amazon.in/page66,amazon.in,amazon.in,chrome
2026-03-21 21:09:19.951210,https://stackoverflow.com/page38,stackoverflow.com,stackoverflow.com,chrome
2026-03-21 23:31:19.951210,https://facebook.com/page14,facebook.com,facebook.com,chrome
2026-03-21 21:17:19.951210,https://netflix.com/page35,netflix.com,netflix.com,chrome
2026-03-21 23:41:19.951210,https://github.com/page42,github.com,github.com,chrome
2026-03-21 21:25:19.951210,https://facebook.com/page24,facebook.com,facebook.com,chrome
2026-03-21 21:29:19.951210,https://instagram.com/page56,instagram.com,instagram.com,chrome
2026-03-21 19:10:19.951210,https://youtube.com/page33,youtube.com,youtube.com,chrome
2026-03-21 21:37:19.951210,https://facebook.com/page57,facebook.com,facebook.com,chrome
2026-03-21 21:41:19.951210,https://instagram.com/page36,instagram.com,instagram.com,chrome
2026-03-22 00:11:19.951210,https://github.com/page40,github.com,github.com,chrome
2026-03-21 21:49:19.951210,https://instagram.com/page53,instagram.com,instagram.com,chrome
2026-03-21 21:53:19.951210,https://stackoverflow.com/page1,stackoverflow.com,stackoverflow.com,chrome
2026-03-22 00:26:19.951210,https://github.com/page40,github.com,github.com,chrome
2026-03-22 00:31:19.951210,https://github.com/page16,github.com,github.com,chrome
2026-03-21 14:32:19.951210,https://stackoverflow.com/page67,stackoverflow.com,stackoverflow.com,chrome
2026-03-22 00:41:19.951210,https://news18.com/page4,news18.com,news18.com,chrome
2026-03-22 00:46:19.951210,https://flipkart.com/page92,flipkart.com,flipkart.com,chrome
2026-03-21 17:09:19.951210,https://coursera.org/page23,coursera.org,coursera.org,chrome
2026-03-21 14:36:19.951210,https://instagram.com/page11,instagram.com,instagram.com,chrome
2026-03-21 17:13:19.951210,https://stackoverflow.com/page37,stackoverflow.com,stackoverflow.com,chrome
2026-03-22 01:06:19.951210,https://stackoverflow.com/page98,stackoverflow.com,stackoverflow.com,chrome
2026-03-21 14:39:19.951210,https://news18.com/page6,news18.com,news18.com,chrome
2026-03-22 01:16:19.951210,https://flipkart.com/page72,flipkart.com,flipkart.com,chrome
2026-03-21 22:41:19.951210,https://facebook.com/page2,facebook.com,facebook.com,chrome
2026-03-22 01:26:19.951210,https://facebook.com/page32,facebook.com,facebook.com,chrome
2026-03-21 22:49:19.951210,https://news18.com/page94,news18.com,news18.com,chrome
2026-03-21 22:53:19.951210,https://youtube.com/page2,youtube.com,youtube.com,chrome
2026-03-21 14:45:19.951210,https://github.com/page38,github.com,github.com,chrome
2026-03-22 01:46:19.951210,https://facebook.com/page99,facebook.com,facebook.com,chrome
2026-03-21 14:47:19.951210,https://stackoverflow.com/page59,stackoverflow.com,stackoverflow.com,chrome
2026-03-21 17:35:19.951210,https://facebook.com/page99,facebook.com,facebook.com,chrome
2026-03-21 17:37:19.951210,https://facebook.com/page83,facebook.com,facebook.com,chrome
2026-03-21 17:39:19.951210,https://facebook.com/page49,facebook.com,facebook.com,chrome
2026-03-22 02:11:19.951210,https://github.com/page26,github.com,github.com,chrome
2026-03-21 17:43:19.951210,https://facebook.com/page10,facebook.com,facebook.com,chrome
2026-03-21 20:37:19.951210,https://github.com/page31,github.com,github.com,chrome
2026-03-22 02:26:19.951210,https://coursera.org/page80,coursera.org,coursera.org,chrome
2026-03-21 20:43:19.951210,https://instagram.com/page14,instagram.com,instagram.com,chrome
2026-03-21 23:41:19.951210,https://flipkart.com/page85,flipkart.com,flipkart.com,chrome
2026-03-21 17:53:19.951210,https://facebook.com/page20,facebook.com,facebook.com,chrome
2026-03-21 20:52:19.951210,https://stackoverflow.com/page3,stackoverflow.com,stackoverflow.com,chrome
2026-03-21 14:59:19.951210,https://amazon.in/page60,amazon.in,amazon.in,chrome
2026-03-21 20:58:19.951210,https://netflix.com/page53,netflix.com,netflix.com,chrome
2026-03-21 18:01:19.951210,https://stackoverflow.com/page58,stackoverflow.com,stackoverflow.com,chrome
2026-03-22 00:05:19.951210,https://coursera.org/page88,coursera.org,coursera.org,chrome
2026-03-21 18:05:19.951210,https://amazon.in/page28,amazon.in,amazon.in,chrome
2026-03-21 21:10:19.951210,https://amazon.in/page25,amazon.in,amazon.in,chrome
2026-03-22 00:17:19.951210,https://news18.com/page56,news18.com,news18.com,chrome
2026-03-21 18:11:19.951210,https://stackoverflow.com/page39,stackoverflow.com,stackoverflow.com,chrome
2026-03-21 18:13:19.951210,https://github.com/page86,github.com,github.com,chrome
2026-03-22 03:36:19.951210,https://news18.com/page51,news18.com,news18.com,chrome
2026-03-21 18:17:19.951210,https://netflix.com/page76,netflix.com,netflix.com,chrome
2026-03-21 15:10:19.951210,https://youtube.com/page73,youtube.com,youtube.com,chrome
2026-03-21 15:11:19.951210,https://youtube.com/page41,youtube.com,youtube.com,chrome
2026-03-21 18:23:19.951210,https://github.com/page45,github.com,github.com,chrome
2026-03-21 21:37:19.951210,https://facebook.com/page6,facebook.com,facebook.com,chrome
2026-03-21 15:14:19.951210,https://instagram.com/page59,instagram.com,instagram.com,chrome
2026-03-21 18:29:19.951210,https://youtube.com/page88,youtube.com,youtube.com,chrome
2026-03-21 18:31:19.951210,https://news18.com/page4,news18.com,news18.com,chrome
2026-03-22 04:21:19.951210,https://github.com/page76,github.com,github.com,chrome
2026-03-21 18:35:19.951210,https://flipkart.com/page68,flipkart.com,flipkart.com,chrome
2026-03-22 04:31:19.951210,https://github.com/page78,github.com,github.com,chrome
2026-03-22 04:36:19.951210,https://instagram.com/page45,instagram.com,instagram.com,chrome
2026-03-21 18:41:19.951210,https://github.com/page74,github.com,github.com,chrome
2026-03-21 18:43:19.951210,https://flipkart.com/page74,flipkart.com,flipkart.com,chrome
2026-03-21 15:23:19.951210,https://coursera.org/page74,coursera.org,coursera.org,chrome
2026-03-22 04:56:19.951210,https://stackoverflow.com/page81,stackoverflow.com,stackoverflow.com,chrome
2026-03-21 15:25:19.951210,https://flipkart.com/page61,flipkart.com,flipkart.com,chrome
2026-03-21 22:16:19.951210,https://netflix.com/page62,netflix.com,netflix.com,chrome
2026-03-21 18:53:19.951210,https://youtube.com/page43,youtube.com,youtube.com,chrome
2026-03-21 18:55:19.951210,https://stackoverflow.com/page7,stackoverflow.com,stackoverflow.com,chrome
2026-03-22 05:21:19.951210,https://github.com/page71,github.com,github.com,chrome
2026-03-22 01:57:19.951210,https://instagram.com/page40,instagram.com,instagram.com,chrome
2026-03-21 22:31:19.951210,https://amazon.in/page6,amazon.in,amazon.in,chrome
2026-03-21 15:32:19.951210,https://github.com/page6,github.com,github.com,chrome
2026-03-22 02:09:19.951210,https://flipkart.com/page79,flipkart.com,flipkart.com,chrome
2026-03-21 15:34:19.951210,https://youtube.com/page99,youtube.com,youtube.com,chrome
2026-03-21 15:35:19.951210,https://news18.com/page53,news18.com,news18.com,chrome
2026-03-21 19:11:19.951210,https://instagram.com/page50,instagram.com,instagram.com,chrome
2026-03-21 15:37:19.951210,https://github.com/page13,github.com,github.com,chrome
2026-03-22 02:29:19.951210,https://flipkart.com/page70,flipkart.com,flipkart.com,chrome
2026-03-22 02:33:19.951210,https://stackoverflow.com/page51,stackoverflow.com,stackoverflow.com,chrome
2026-03-22 06:16:19.951210,https://github.com/page57,github.com,github.com,chrome
2026-03-21 15:41:19.951210,https://amazon.in/page86,amazon.in,amazon.in,chrome
2026-03-21 15:42:19.951210,https://netflix.com/page60,netflix.com,netflix.com,chrome
2026-03-21 19:25:19.951210,https://netflix.com/page34,netflix.com,netflix.com,chrome
2026-03-21 23:10:19.951210,https://github.com/page52,github.com,github.com,chrome
2026-03-22 02:57:19.951210,https://youtube.com/page69,youtube.com,youtube.com,chrome
2026-03-21 19:31:19.951210,https://instagram.com/page100,instagram.com,instagram.com,chrome
2026-03-21 23:19:19.951210,https://facebook.com/page69,facebook.com,facebook.com,chrome
2026-03-22 03:09:19.951210,https://flipkart.com/page91,flipkart.com,flipkart.com,chrome
2026-03-22 03:13:19.951210,https://coursera.org/page74,coursera.org,coursera.org,chrome
2026-03-21 19:39:19.951210,https://news18.com/page29,news18.com,news18.com,chrome
2026-03-21 23:31:19.951210,https://stackoverflow.com/page12,stackoverflow.com,stackoverflow.com,chrome
2026-03-22 03:25:19.951210,https://instagram.com/page93,instagram.com,instagram.com,chrome
2026-03-22 03:29:19.951210,https://coursera.org/page63,coursera.org,coursera.org,chrome
2026-03-21 19:47:19.951210,https://amazon.in/page53,amazon.in,amazon.in,chrome
2026-03-22 03:37:19.951210,https://netflix.com/page65,netflix.com,netflix.com,chrome
2026-03-21 19:51:19.951210,https://facebook.com/page4,facebook.com,facebook.com,chrome
2026-03-21 15:57:19.951210,https://instagram.com/page80,instagram.com,instagram.com,chrome
2026-03-22 03:49:19.951210,https://netflix.com/page46,netflix.com,netflix.com,chrome
2026-03-21 19:57:19.951210,https://youtube.com/page63,youtube.com,youtube.com,chrome
2026-03-21 16:00:19.951210,https://instagram.com/page61,instagram.com,instagram.com,chrome
2026-03-22 08:01:19.951210,https://facebook.com/page84,facebook.com,facebook.com,chrome
2026-03-22 04:05:19.951210,https://instagram.com/page2,instagram.com,instagram.com,chrome
2026-03-22 00:07:19.951210,https://flipkart.com/page35,flipkart.com,flipkart.com,chrome
2026-03-21 20:07:19.951210,https://coursera.org/page80,coursera.org,coursera.org,chrome
2026-03-22 08:21:19.951210,https://instagram.com/page6,instagram.com,instagram.com,chrome
2026-03-21 20:11:19.951210,https://flipkart.com/page82,flipkart.com,flipkart.com,chrome
2026-03-22 04:25:19.951210,https://news18.com/page68,news18.com,news18.com,chrome
2026-03-22 08:36:19.951210,https://stackoverflow.com/page55,stackoverflow.com,stackoverflow.com,chrome
2026-03-22 08:41:19.951210,https://youtube.com/page54,youtube.com,youtube.com,chrome
2026-03-22 04:37:19.951210,https://facebook.com/page50,facebook.com,facebook.com,chrome
2026-03-22 08:51:19.951210,https://news18.com/page28,news18.com,news18.com,chrome
2026-03-22 00:34:19.951210,https://instagram.com/page75,instagram.com,instagram.com,chrome
2026-03-22 09:01:19.951210,https://amazon.in/page43,amazon.in,amazon.in,chrome
2026-03-21 16:14:19.951210,https://netflix.com/page34,netflix.com,netflix.com,chrome
2026-03-21 20:29:19.951210,https://coursera.org/page65,coursera.org,coursera.org,chrome
2026-03-22 05:01:19.951210,https://netflix.com/page47,netflix.com,netflix.com,chrome
2026-03-22 09:21:19.951210,https://amazon.in/page49,amazon.in,amazon.in,chrome
2026-03-21 16:18:19.951210,https://netflix.com/page10,netflix.com,netflix.com,chrome
2026-03-22 09:31:19.951210,https://instagram.com/page44,instagram.com,instagram.com,chrome
2026-03-22 00:58:19.951210,https://amazon.in/page39,amazon.in,amazon.in,chrome
2026-03-22 01:01:19.951210,https://coursera.org/page99,coursera.org,coursera.org,chrome
2026-03-22 05:25:19.951210,https://stackoverflow.com/page61,stackoverflow.com,stackoverflow.com,chrome
2026-03-21 20:45:19.951210,https://flipkart.com/page18,flipkart.com,flipkart.com,chrome
2026-03-21 16:24:19.951210,https://coursera.org/page93,coursera.org,coursera.org,chrome
2026-03-22 01:13:19.951210,https://stackoverflow.com/page100,stackoverflow.com,stackoverflow.com,chrome
2026-03-22 05:41:19.951210,https://stackoverflow.com/page87,stackoverflow.com,stackoverflow.com,chrome
2026-03-22 10:11:19.951210,https://coursera.org/page9,coursera.org,coursera.org,chrome
2026-03-21 16:28:19.951210,https://coursera.org/page51,coursera.org,coursera.org,chrome
2026-03-22 10:21:19.951210,https://netflix.com/page50,netflix.com,netflix.com,chrome
2026-03-21 20:59:19.951210,https://github.com/page6,github.com,github.com,chrome
2026-03-21 21:01:19.951210,https://amazon.in/page89,amazon.in,amazon.in,chrome
2026-03-22 01:34:19.951210,https://amazon.in/page55,amazon.in,amazon.in,chrome
2026-03-22 10:41:19.951210,https://github.com/page9,github.com,github.com,chrome
2026-03-22 06:13:19.951210,https://news18.com/page32,news18.com,news18.com,chrome
2026-03-21 21:09:19.951210,https://netflix.com/page99,netflix.com,netflix.com,chrome
2026-03-22 10:56:19.951210,https://facebook.com/page4,facebook.com,facebook.com,chrome
2026-03-22 06:25:19.951210,https://news18.com/page24,news18.com,news18.com,chrome
2026-03-21 16:38:19.951210,https://coursera.org/page97,coursera.org,coursera.org,chrome
2026-03-21 21:17:19.951210,https://netflix.com/page3,netflix.com,netflix.com,chrome
2026-03-21 21:19:19.951210,https://coursera.org/page77,coursera.org,coursera.org,chrome
2026-03-21 21:21:19.951210,https://facebook.com/page71,facebook.com,facebook.com,chrome
2026-03-22 06:45:19.951210,https://facebook.com/page66,facebook.com,facebook.com,chrome
2026-03-21 16:43:19.951210,https://news18.com/page23,news18.com,news18.com,chrome
2026-03-22 06:53:19.951210,https://amazon.in/page91,amazon.in,amazon.in,chrome
2026-03-22 11:41:19.951210,https://amazon.in/page46,amazon.in,amazon.in,chrome
2026-03-22 02:16:19.951210,https://news18.com/page53,news18.com,news18.com,chrome
2026-03-22 07:05:19.951210,https://facebook.com/page15,facebook.com,facebook.com,chrome
2026-03-22 02:22:19.951210,https://instagram.com/page36,instagram.com,instagram.com,chrome
2026-03-21 16:49:19.951210,https://github.com/page55,github.com,github.com,chrome
2026-03-22 07:17:19.951210,https://coursera.org/page47,coursera.org,coursera.org,chrome
2026-03-22 12:11:19.951210,https://amazon.in/page27,amazon.in,amazon.in,chrome
2026-03-22 07:25:19.951210,https://flipkart.com/page70,flipkart.com,flipkart.com,chrome
2026-03-22 12:21:19.951210,https://news18.com/page72,news18.com,news18.com,chrome
2026-03-21 21:47:19.951210,https://stackoverflow.com/page38,stackoverflow.com,stackoverflow.com,chrome
2026-03-21 21:49:19.951210,https://stackoverflow.com/page94,stackoverflow.com,stackoverflow.com,chrome
2026-03-22 07:41:19.951210,https://netflix.com/page71,netflix.com,netflix.com,chrome
2026-03-22 02:49:19.951210,https://instagram.com/page78,instagram.com,instagram.com,chrome
2026-03-22 07:49:19.951210,https://stackoverflow.com/page92,stackoverflow.com,stackoverflow.com,chrome
2026-03-22 07:53:19.951210,https://amazon.in/page36,amazon.in,amazon.in,chrome
2026-03-21 21:59:19.951210,https://netflix.com/page100,netflix.com,netflix.com,chrome
2026-03-21 22:01:19.951210,https://facebook.com/page21,facebook.com,facebook.com,chrome
2026-03-22 13:06:19.951210,https://amazon.in/page100,amazon.in,amazon.in,chrome
2026-03-22 08:09:19.951210,https://flipkart.com/page7,flipkart.com,flipkart.com,chrome
2026-03-21 22:07:19.951210,https://github.com/page32,github.com,github.com,chrome
2026-03-22 13:21:19.951210,https://coursera.org/page92,coursera.org,coursera.org,chrome
2026-03-22 08:21:19.951210,https://github.com/page48,github.com,github.com,chrome
2026-03-22 03:19:19.951210,https://netflix.com/page27,netflix.com,netflix.com,chrome
2026-03-21 22:15:19.951210,https://instagram.com/page75,instagram.com,instagram.com,chrome
2026-03-22 13:41:19.951210,https://stackoverflow.com/page61,stackoverflow.com,stackoverflow.com,chrome
2026-03-21 17:10:19.951210,https://youtube.com/page94,youtube.com,youtube.com,chrome
2026-03-22 13:51:19.951210,https://netflix.com/page68,netflix.com,netflix.com,chrome
2026-03-21 17:12:19.951210,https://instagram.com/page30,instagram.com,instagram.com,chrome
2026-03-22 03:37:19.951210,https://instagram.com/page74,instagram.com,instagram.com,chrome
2026-03-21 22:27:19.951210,https://instagram.com/page54,instagram.com,instagram.com,chrome
2026-03-22 03:43:19.951210,https://amazon.in/page74,amazon.in,amazon.in,chrome
2026-03-22 14:16:19.951210,https://netflix.com/page19,netflix.com,netflix.com,chrome
2026-03-22 14:21:19.951210,https://github.com/page28,github.com,github.com,chrome
2026-03-21 17:18:19.951210,https://stackoverflow.com/page66,stackoverflow.com,stackoverflow.com,chrome
2026-03-22 14:31:19.951210,https://coursera.org/page71,coursera.org,coursera.org,chrome
2026-03-21 22:39:19.951210,https://coursera.org/page98,coursera.org,coursera.org,chrome
2026-03-22 09:21:19.951210,https://stackoverflow.com/page90,stackoverflow.com,stackoverflow.com,chrome
2026-03-22 09:25:19.951210,https://amazon.in/page72,amazon.in,amazon.in,chrome
2026-03-22 09:29:19.951210,https://stackoverflow.com/page4,stackoverflow.com,stackoverflow.com,chrome
2026-03-22 04:10:19.951210,https://instagram.com/page91,instagram.com,instagram.com,chrome
2026-03-21 17:25:19.951210,https://netflix.com/page57,netflix.com,netflix.com,chrome
2026-03-21 22:51:19.951210,https://amazon.in/page10,amazon.in,amazon.in,chrome
2026-03-22 15:11:19.951210,https://amazon.in/page59,amazon.in,amazon.in,chrome
2026-03-21 17:28:19.951210,https://youtube.com/page63,youtube.com,youtube.com,chrome
2026-03-22 09:53:19.951210,https://instagram.com/page5,instagram.com,instagram.com,chrome
2026-03-22 04:28:19.951210,https://instagram.com/page61,instagram.com,instagram.com,chrome
2026-03-22 10:01:19.951210,https://facebook.com/page100,facebook.com,facebook.com,chrome
2026-03-22 10:05:19.951210,https://flipkart.com/page82,flipkart.com,flipkart.com,chrome
2026-03-21 23:05:19.951210,https://youtube.com/page70,youtube.com,youtube.com,chrome
2026-03-22 10:13:19.951210,https://stackoverflow.com/page92,stackoverflow.com,stackoverflow.com,chrome
2026-03-22 10:17:19.951210,https://news18.com/page79,news18.com,news18.com,chrome
2026-03-22 10:21:19.951210,https://github.com/page92,github.com,github.com,chrome
2026-03-22 04:49:19.951210,https://stackoverflow.com/page30,stackoverflow.com,stackoverflow.com,chrome
2026-03-22 10:29:19.951210,https://stackoverflow.com/page63,stackoverflow.com,stackoverflow.com,chrome
2026-03-22 04:55:19.951210,https://stackoverflow.com/page32,stackoverflow.com,stackoverflow.com,chrome
2026-03-22 04:58:19.951210,https://netflix.com/page45,netflix.com,netflix.com,chrome
2026-03-22 05:01:19.951210,https://youtube.com/page74,youtube.com,youtube.com,chrome
2026-03-22 10:45:19.951210,https://instagram.com/page19,instagram.com,instagram.com,chrome
2026-03-22 16:31:19.951210,https://amazon.in/page21,amazon.in,amazon.in,chrome
2026-03-21 23:27:19.951210,https://coursera.org/page84,coursera.org,coursera.org,chrome
2026-03-22 10:57:19.951210,https://amazon.in/page90,amazon.in,amazon.in,chrome
2026-03-21 23:31:19.951210,https://news18.com/page47,news18.com,news18.com,chrome
2026-03-22 05:19:19.951210,https://amazon.in/page8,amazon.in,amazon.in,chrome
2026-03-22 05:22:19.951210,https://instagram.com/page25,instagram.com,instagram.com,chrome
2026-03-22 11:13:19.951210,https://github.com/page55,github.com,github.com,chrome
2026-03-22 17:06:19.951210,https://news18.com/page40,news18.com,news18.com,chrome
2026-03-22 05:31:19.951210,https://facebook.com/page34,facebook.com,facebook.com,chrome
2026-03-21 17:52:19.951210,https://facebook.com/page2,facebook.com,facebook.com,chrome
2026-03-22 17:21:19.951210,https://github.com/page26,github.com,github.com,chrome
2026-03-22 17:26:19.951210,https://news18.com/page54,news18.com,news18.com,chrome
2026-03-22 17:31:19.951210,https://amazon.in/page76,amazon.in,amazon.in,chrome
2026-03-21 23:51:19.951210,https://stackoverflow.com/page15,stackoverflow.com,stackoverflow.com,chrome
2026-03-22 17:41:19.951210,https://news18.com/page74,news18.com,news18.com,chrome
2026-03-22 17:46:19.951210,https://youtube.com/page53,youtube.com,youtube.com,chrome
2026-03-21 23:57:19.951210,https://github.com/page15,github.com,github.com,chrome
2026-03-22 17:56:19.951210,https://news18.com/page17,news18.com,news18.com,chrome
2026-03-22 18:01:19.951210,https://netflix.com/page70,netflix.com,netflix.com,chrome
2026-03-22 00:03:19.951210,https://news18.com/page75,news18.com,news18.com,chrome
2026-03-21 18:03:19.951210,https://news18.com/page5,news18.com,news18.com,chrome
2026-03-21 18:04:19.951210,https://netflix.com/page69,netflix.com,netflix.com,chrome
2026-03-21 18:05:19.951210,https://facebook.com/page68,facebook.com,facebook.com,chrome
2026-03-21 18:06:19.951210,https://netflix.com/page57,netflix.com,netflix.com,chrome
2026-03-22 06:19:19.951210,https://news18.com/page61,news18.com,news18.com,chrome
2026-03-22 06:22:19.951210,https://amazon.in/page19,amazon.in,amazon.in,chrome
2026-03-22 12:33:19.951210,https://netflix.com/page44,netflix.com,netflix.com,chrome
2026-03-21 18:10:19.951210,https://youtube.com/page38,youtube.com,youtube.com,chrome
2026-03-22 00:21:19.951210,https://news18.com/page10,news18.com,news18.com,chrome
2026-03-22 12:45:19.951210,https://flipkart.com/page44,flipkart.com,flipkart.com,chrome
2026-03-22 12:49:19.951210,https://facebook.com/page22,facebook.com,facebook.com,chrome
2026-03-22 00:27:19.951210,https://instagram.com/page88,instagram.com,instagram.com,chrome
2026-03-22 19:11:19.951210,https://youtube.com/page100,youtube.com,youtube.com,chrome
2026-03-22 00:31:19.951210,https://github.com/page67,github.com,github.com,chrome
2026-03-22 06:49:19.951210,https://news18.com/page46,news18.com,news18.com,chrome
2026-03-22 06:52:19.951210,https://youtube.com/page6,youtube.com,youtube.com,chrome
2026-03-21 18:19:19.951210,https://instagram.com/page24,instagram.com,instagram.com,chrome
2026-03-22 06:58:19.951210,https://youtube.com/page100,youtube.com,youtube.com,chrome
2026-03-22 19:41:19.951210,https://youtube.com/page38,youtube.com,youtube.com,chrome
2026-03-22 00:43:19.951210,https://facebook.com/page79,facebook.com,facebook.com,chrome
2026-03-21 18:23:19.951210,https://youtube.com/page58,youtube.com,youtube.com,chrome
2026-03-22 00:47:19.951210,https://github.com/page96,github.com,github.com,chrome
2026-03-21 18:25:19.951210,https://facebook.com/page26,facebook.com,facebook.com,chrome
2026-03-22 07:16:19.951210,https://coursera.org/page90,coursera.org,coursera.org,chrome
2026-03-21 18:27:19.951210,https://github.com/page63,github.com,github.com,chrome
2026-03-22 00:55:19.951210,https://github.com/page13,github.com,github.com,chrome
2026-03-22 00:57:19.951210,https://stackoverflow.com/page76,stackoverflow.com,stackoverflow.com,chrome
2026-03-21 18:30:19.951210,https://flipkart.com/page15,flipkart.com,flipkart.com,chrome
2026-03-22 01:01:19.951210,https://stackoverflow.com/page61,stackoverflow.com,stackoverflow.com,chrome
2026-03-22 20:36:19.951210,https://github.com/page37,github.com,github.com,chrome
2026-03-22 14:09:19.951210,https://amazon.in/page43,amazon.in,amazon.in,chrome
2026-03-22 01:07:19.951210,https://coursera.org/page4,coursera.org,coursera.org,chrome
2026-03-22 14:17:19.951210,https://github.com/page27,github.com,github.com,chrome
2026-03-21 18:36:19.951210,https://youtube.com/page5,youtube.com,youtube.com,chrome
2026-03-22 21:01:19.951210,https://github.com/page74,github.com,github.com,chrome
2026-03-22 21:06:19.951210,https://github.com/page27,github.com,github.com,chrome
2026-03-22 01:17:19.951210,https://flipkart.com/page62,flipkart.com,flipkart.com,chrome
2026-03-22 01:19:19.951210,https://github.com/page49,github.com,github.com,chrome
2026-03-22 21:21:19.951210,https://facebook.com/page17,facebook.com,facebook.com,chrome
2026-03-22 08:04:19.951210,https://github.com/page58,github.com,github.com,chrome
2026-03-22 14:49:19.951210,https://news18.com/page98,news18.com,news18.com,chrome
2026-03-22 01:27:19.951210,https://news18.com/page16,news18.com,news18.com,chrome
2026-03-22 08:13:19.951210,https://instagram.com/page34,instagram.com,instagram.com,chrome
2026-03-22 21:46:19.951210,https://flipkart.com/page80,flipkart.com,flipkart.com,chrome
2026-03-22 08:19:19.951210,https://coursera.org/page61,coursera.org,coursera.org,chrome
2026-03-21 18:48:19.951210,https://instagram.com/page48,instagram.com,instagram.com,chrome
2026-03-22 15:13:19.951210,https://stackoverflow.com/page92,stackoverflow.com,stackoverflow.com,chrome
2026-03-21 18:50:19.951210,https://amazon.in/page100,amazon.in,amazon.in,chrome
2026-03-22 08:31:19.951210,https://flipkart.com/page35,flipkart.com,flipkart.com,chrome
2026-03-22 22:16:19.951210,https://youtube.com/page49,youtube.com,youtube.com,chrome
2026-03-22 22:21:19.951210,https://instagram.com/page69,instagram.com,instagram.com,chrome
2026-03-22 15:33:19.951210,https://youtube.com/page30,youtube.com,youtube.com,chrome
2026-03-21 18:55:19.951210,https://github.com/page44,github.com,github.com,chrome
2026-03-22 08:46:19.951210,https://stackoverflow.com/page88,stackoverflow.com,stackoverflow.com,chrome
2026-03-22 22:41:19.951210,https://netflix.com/page98,netflix.com,netflix.com,chrome
2026-03-21 18:58:19.951210,https://facebook.com/page39,facebook.com,facebook.com,chrome
2026-03-22 15:53:19.951210,https://news18.com/page36,news18.com,news18.com,chrome
2026-03-22 08:58:19.951210,https://instagram.com/page28,instagram.com,instagram.com,chrome
2026-03-22 02:01:19.951210,https://youtube.com/page48,youtube.com,youtube.com,chrome
2026-03-22 09:04:19.951210,https://amazon.in/page20,amazon.in,amazon.in,chrome
2026-03-22 23:11:19.951210,https://amazon.in/page91,amazon.in,amazon.in,chrome
2026-03-22 02:07:19.951210,https://netflix.com/page1,netflix.com,netflix.com,chrome
2026-03-22 23:21:19.951210,https://instagram.com/page94,instagram.com,instagram.com,chrome
2026-03-22 02:11:19.951210,https://github.com/page42,github.com,github.com,chrome
2026-03-22 16:25:19.951210,https://github.com/page60,github.com,github.com,chrome
2026-03-21 19:08:19.951210,https://amazon.in/page62,amazon.in,amazon.in,chrome
2026-03-22 23:41:19.951210,https://github.com/page92,github.com,github.com,chrome
2026-03-22 02:19:19.951210,https://amazon.in/page48,amazon.in,amazon.in,chrome
2026-03-21 19:11:19.951210,https://coursera.org/page38,coursera.org,coursera.org,chrome
2026-03-21 19:12:19.951210,https://youtube.com/page53,youtube.com,youtube.com,chrome
2026-03-22 16:49:19.951210,https://github.com/page70,github.com,github.com,chrome
2026-03-23 00:06:19.951210,https://coursera.org/page12,coursera.org,coursera.org,chrome
2026-03-22 16:57:19.951210,https://youtube.com/page68,youtube.com,youtube.com,chrome
2026-03-22 09:46:19.951210,https://news18.com/page41,news18.com,news18.com,chrome
2026-03-22 17:05:19.951210,https://youtube.com/page87,youtube.com,youtube.com,chrome
2026-03-21 19:18:19.951210,https://amazon.in/page71,amazon.in,amazon.in,chrome
2026-03-22 02:37:19.951210,https://github.com/page82,github.com,github.com,chrome
2026-03-23 00:36:19.951210,https://github.com/page36,github.com,github.com,chrome
2026-03-23 00:41:19.951210,https://coursera.org/page54,coursera.org,coursera.org,chrome
2026-03-22 10:04:19.951210,https://amazon.in/page29,amazon.in,amazon.in,chrome
2026-03-23 00:51:19.951210,https://news18.com/page1,news18.com,news18.com,chrome
2026-03-22 10:10:19.951210,https://instagram.com/page58,instagram.com,instagram.com,chrome
2026-03-22 10:13:19.951210,https://instagram.com/page7,instagram.com,instagram.com,chrome
2026-03-22 02:51:19.951210,https://news18.com/page78,news18.com,news18.com,chrome
2026-03-22 10:19:19.951210,https://youtube.com/page68,youtube.com,youtube.com,chrome
2026-03-22 10:22:19.951210,https://netflix.com/page94,netflix.com,netflix.com,chrome
2026-03-22 17:53:19.951210,https://news18.com/page80,news18.com,news18.com,chrome
2026-03-23 01:26:19.951210,https://facebook.com/page28,facebook.com,facebook.com,chrome
2026-03-22 18:01:19.951210,https://youtube.com/page26,youtube.com,youtube.com,chrome
2026-03-22 03:03:19.951210,https://youtube.com/page17,youtube.com,youtube.com,chrome
2026-03-22 03:05:19.951210,https://github.com/page18,github.com,github.com,chrome
2026-03-22 18:13:19.951210,https://instagram.com/page9,instagram.com,instagram.com,chrome
2026-03-22 18:17:19.951210,https://instagram.com/page19,instagram.com,instagram.com,chrome
2026-03-22 03:11:19.951210,https://netflix.com/page83,netflix.com,netflix.com,chrome
2026-03-23 02:01:19.951210,https://flipkart.com/page42,flipkart.com,flipkart.com,chrome
2026-03-22 10:52:19.951210,https://facebook.com/page43,facebook.com,facebook.com,chrome
2026-03-22 03:17:19.951210,https://instagram.com/page6,instagram.com,instagram.com,chrome
2026-03-23 02:16:19.951210,https://stackoverflow.com/page94,stackoverflow.com,stackoverflow.com,chrome
2026-03-23 02:21:19.951210,https://youtube.com/page43,youtube.com,youtube.com,chrome
2026-03-22 03:23:19.951210,https://flipkart.com/page36,flipkart.com,flipkart.com,chrome
2026-03-21 19:43:19.951210,https://github.com/page9,github.com,github.com,chrome
2026-03-22 11:10:19.951210,https://facebook.com/page74,facebook.com,facebook.com,chrome
2026-03-21 19:45:19.951210,https://flipkart.com/page46,flipkart.com,flipkart.com,chrome
2026-03-21 19:46:19.951210,https://netflix.com/page59,netflix.com,netflix.com,chrome
2026-03-23 02:51:19.951210,https://coursera.org/page3,coursera.org,coursera.org,chrome
2026-03-22 03:35:19.951210,https://coursera.org/page31,coursera.org,coursera.org,chrome
2026-03-22 19:13:19.951210,https://flipkart.com/page66,flipkart.com,flipkart.com,chrome
2026-03-22 03:39:19.951210,https://coursera.org/page39,coursera.org,coursera.org,chrome
2026-03-22 03:41:19.951210,https://amazon.in/page93,amazon.in,amazon.in,chrome
2026-03-21 19:52:19.951210,https://flipkart.com/page15,flipkart.com,flipkart.com,chrome
2026-03-22 03:45:19.951210,https://flipkart.com/page73,flipkart.com,flipkart.com,chrome
2026-03-21 19:54:19.951210,https://stackoverflow.com/page42,stackoverflow.com,stackoverflow.com,chrome
2026-03-22 11:43:19.951210,https://github.com/page14,github.com,github.com,chrome
2026-03-22 03:51:19.951210,https://news18.com/page80,news18.com,news18.com,chrome
2026-03-21 19:57:19.951210,https://coursera.org/page18,coursera.org,coursera.org,chrome
2026-03-23 03:46:19.951210,https://instagram.com/page96,instagram.com,instagram.com,chrome
2026-03-22 19:53:19.951210,https://amazon.in/page100,amazon.in,amazon.in,chrome
2026-03-23 03:56:19.951210,https://netflix.com/page11,netflix.com,netflix.com,chrome
2026-03-22 04:01:19.951210,https://coursera.org/page40,coursera.org,coursera.org,chrome
2026-03-22 20:05:19.951210,https://amazon.in/page100,amazon.in,amazon.in,chrome
2026-03-22 20:09:19.951210,https://amazon.in/page16,amazon.in,amazon.in,chrome
2026-03-21 20:04:19.951210,https://flipkart.com/page87,flipkart.com,flipkart.com,chrome
2026-03-23 04:21:19.951210,https://flipkart.com/page71,flipkart.com,flipkart.com,chrome
2026-03-21 20:06:19.951210,https://stackoverflow.com/page41,stackoverflow.com,stackoverflow.com,chrome
2026-03-23 04:31:19.951210,https://news18.com/page49,news18.com,news18.com,chrome
2026-03-22 20:29:19.951210,https://facebook.com/page84,facebook.com,facebook.com,chrome
2026-03-23 04:41:19.951210,https://github.com/page33,github.com,github.com,chrome
2026-03-23 04:46:19.951210,https://amazon.in/page44,amazon.in,amazon.in,chrome
2026-03-22 12:31:19.951210,https://coursera.org/page52,coursera.org,coursera.org,chrome
2026-03-22 04:23:19.951210,https://amazon.in/page43,amazon.in,amazon.in,chrome
2026-03-21 20:13:19.951210,https://facebook.com/page70,facebook.com,facebook.com,chrome
2026-03-22 20:53:19.951210,https://github.com/page44,github.com,github.com,chrome
2026-03-22 04:29:19.951210,https://stackoverflow.com/page27,stackoverflow.com,stackoverflow.com,chrome
2026-03-23 05:16:19.951210,https://instagram.com/page39,instagram.com,instagram.com,chrome
2026-03-22 04:33:19.951210,https://netflix.com/page44,netflix.com,netflix.com,chrome
2026-03-23 05:26:19.951210,https://facebook.com/page30,facebook.com,facebook.com,chrome
2026-03-23 05:31:19.951210,https://stackoverflow.com/page90,stackoverflow.com,stackoverflow.com,chrome
2026-03-21 20:20:19.951210,https://coursera.org/page56,coursera.org,coursera.org,chrome
